{
  "one": [
    {
      "background": "/assets/images/sections/introduction/bg-1.png",
      "image": "/assets/images/sections/introduction/1.png",
      "btnContent": "shop now"
    },
    {
      "background": "/assets/images/sections/introduction/bg-2.png",
      "image": "/assets/images/sections/introduction/2.png",
      "btnContent": "shop now"
    },
    {
      "background": "/assets/images/sections/introduction/bg-3.png",
      "image": "/assets/images/sections/introduction/3.png",
      "btnContent": "shop now"
    }
  ],
  "four": [
    {
      "title": "Eat Healthier",
      "description": "Modi tempora incidunt ut labore dolore magnam aliquam",
      "iconSrc": "/assets/images/sections/introduction/four/1.png"
    },
    {
      "title": "We Have Brands",
      "description": "Modi tempora incidunt ut labore dolore magnam aliquam",
      "iconSrc": "/assets/images/sections/introduction/four/2.png"
    },
    {
      "title": "Fresh And Clean Products",
      "description": "Modi tempora incidunt ut labore dolore magnam aliquam",
      "iconSrc": "/assets/images/sections/introduction/four/3.png"
    },
    {
      "title": "Modern Process",
      "description": "Modi tempora incidunt ut labore dolore magnam aliquam",
      "iconSrc": "/assets/images/sections/introduction/four/4.png"
    }
  ]
}
