{
  "product": [
    {
      "id": "1",
      "category": "bread",
      "tag": [
        "fressh",
        "vegetable"
      ],
      "shortDescription": "Your first step to sustainable living is going zero waste and what better way to start then starting at home",
      "fullDescription": "Last but not least, we couldn’t write a post on blogs to follow on sustainable living without mentioning our very own blog, The Organic society. Our mission is to inspire families to eat well, do good and live better. Our blog covers all things organic, from food to farming, health and wellness to fashion and beauty.",
      "name": "Fresh Orange",
      "rate": 4,
      "price": 9.99,
      "discount": 3,
      "quantity": 8,
      "coverImage": "/assets/images/products/1.png",
      "images": [
        "/assets/images/products/1.png",
        "/assets/images/products/2.png",
        "/assets/images/products/3.png"
      ],
      "specifications": {
        "weight": "1kg",
        "dimensions": {
          "long": 30,
          "width": 15,
          "height": 10
        },
        "color": "red",
        "size": "xl"
      },
      "slug": "fresh-orange-1",
      "reviews": [
        {
          "id": "c3",
          "commentDate": "2020-09-06",
          "user": {
            "name": "Max Shawrad",
            "avatar": "https://hoc24.vn/images/avt/avt260962_256by256.jpg"
          },
          "review": "Neque porro qui squam est, qui dolorem ipsum quia dolor sit amet, consectetur, adipisci velit, sed quia non numquam eius modi tempora."
        },
        {
          "id": "c1",
          "commentDate": "2020-09-06",
          "user": {
            "name": "Sharah Anna",
            "avatar": "https://hoc24.vn/images/avt/avt260962_256by256.jpg"
          },
          "review": "Neque porro qui squam est, qui dolorem ipsum quia dolor sit amet, consectetur, adipisci velit, sed quia non numquam eius modi tempora.",
          "reply": [
            {
              "id": "c2",
              "commentDate": "2020-09-06",
              "user": {
                "name": "Charlotte Jessica",
                "avatar": "https://hoc24.vn/images/avt/avt260962_256by256.jpg"
              },
              "review": "Neque porro qui squam est, qui dolorem ipsum quia dolor sit amet, consectetur, adipisci velit, sed quia non numquam eius modi tempora."
            }
          ]
        },
        {
          "id": "c2",
          "commentDate": "2020-09-06",
          "user": {
            "name": "Mary Lili",
            "avatar": "https://hoc24.vn/images/avt/avt260962_256by256.jpg"
          },
          "review": "Neque porro qui squam est, qui dolorem ipsum quia dolor sit amet, consectetur, adipisci velit, sed quia non numquam eius modi tempora."
        }
      ]
    },
    {
      "id": "2",
      "category": "bread",
      "tag": [
        "fresh",
        "meat"
      ],
      "shortDescription": "Your first step to sustainable living is going zero waste and what better way to start then starting at home",
      "fullDescription": "Last but not least, we couldn’t write a post on blogs to follow on sustainable living without mentioning our very own blog, The Organic society. Our mission is to inspire families to eat well, do good and live better. Our blog covers all things organic, from food to farming, health and wellness to fashion and beauty.",
      "name": "Green Chrusanthemum",
      "rate": 5,
      "price": 5.99,
      "quantity": 4,
      "coverImage": "/assets/images/products/2.png",
      "images": [
        "/assets/images/products/2.png",
        "/assets/images/products/3.png",
        "/assets/images/products/4.png"
      ],
      "specifications": {
        "weight": "1kg",
        "dimensions": {
          "long": 30,
          "width": 20,
          "height": 10
        },
        "color": "green",
        "size": "l"
      },
      "slug": "green-chrusanthemum-2",
      "reviews": [
        {
          "id": "c3",
          "commentDate": "2020-09-06",
          "user": {
            "name": "Max Shawrad",
            "avatar": "https://hoc24.vn/images/avt/avt260962_256by256.jpg"
          },
          "review": "Neque porro qui squam est, qui dolorem ipsum quia dolor sit amet, consectetur, adipisci velit, sed quia non numquam eius modi tempora."
        },
        {
          "id": "c1",
          "commentDate": "2020-09-06",
          "user": {
            "name": "Sharah Anna",
            "avatar": "https://hoc24.vn/images/avt/avt260962_256by256.jpg"
          },
          "review": "Neque porro qui squam est, qui dolorem ipsum quia dolor sit amet, consectetur, adipisci velit, sed quia non numquam eius modi tempora.",
          "reply": [
            {
              "id": "c2",
              "commentDate": "2020-09-06",
              "user": {
                "name": "Charlotte Jessica",
                "avatar": "https://hoc24.vn/images/avt/avt260962_256by256.jpg"
              },
              "review": "Neque porro qui squam est, qui dolorem ipsum quia dolor sit amet, consectetur, adipisci velit, sed quia non numquam eius modi tempora."
            }
          ]
        },
        {
          "id": "c2",
          "commentDate": "2020-09-06",
          "user": {
            "name": "Mary Lili",
            "avatar": "https://hoc24.vn/images/avt/avt260962_256by256.jpg"
          },
          "review": "Neque porro qui squam est, qui dolorem ipsum quia dolor sit amet, consectetur, adipisci velit, sed quia non numquam eius modi tempora."
        }
      ]
    },
    {
      "id": "3",
      "category": "bread",
      "tag": [
        "fresh",
        "meat"
      ],
      "shortDescription": "Your first step to sustainable living is going zero waste and what better way to start then starting at home",
      "fullDescription": "Last but not least, we couldn’t write a post on blogs to follow on sustainable living without mentioning our very own blog, The Organic society. Our mission is to inspire families to eat well, do good and live better. Our blog covers all things organic, from food to farming, health and wellness to fashion and beauty.",
      "name": "Mustard Australia",
      "rate": 5,
      "price": 29,
      "quantity": 23,
      "coverImage": "/assets/images/products/3.png",
      "images": [
        "/assets/images/products/3.png",
        "/assets/images/products/4.png",
        "/assets/images/products/5.png"
      ],
      "specifications": {
        "weight": "1kg",
        "dimensions": {
          "long": 30,
          "width": 20,
          "height": 10
        },
        "color": "red",
        "size": "s"
      },
      "slug": "mustard-australia-3",
      "reviews": [
        {
          "id": "c3",
          "commentDate": "2020-09-06",
          "user": {
            "name": "Max Shawrad",
            "avatar": "https://hoc24.vn/images/avt/avt260962_256by256.jpg"
          },
          "review": "Neque porro qui squam est, qui dolorem ipsum quia dolor sit amet, consectetur, adipisci velit, sed quia non numquam eius modi tempora."
        },
        {
          "id": "c1",
          "commentDate": "2020-09-06",
          "user": {
            "name": "Sharah Anna",
            "avatar": "https://hoc24.vn/images/avt/avt260962_256by256.jpg"
          },
          "review": "Neque porro qui squam est, qui dolorem ipsum quia dolor sit amet, consectetur, adipisci velit, sed quia non numquam eius modi tempora.",
          "reply": [
            {
              "id": "c2",
              "commentDate": "2020-09-06",
              "user": {
                "name": "Charlotte Jessica",
                "avatar": "https://hoc24.vn/images/avt/avt260962_256by256.jpg"
              },
              "review": "Neque porro qui squam est, qui dolorem ipsum quia dolor sit amet, consectetur, adipisci velit, sed quia non numquam eius modi tempora."
            }
          ]
        },
        {
          "id": "c2",
          "commentDate": "2020-09-06",
          "user": {
            "name": "Mary Lili",
            "avatar": "https://hoc24.vn/images/avt/avt260962_256by256.jpg"
          },
          "review": "Neque porro qui squam est, qui dolorem ipsum quia dolor sit amet, consectetur, adipisci velit, sed quia non numquam eius modi tempora."
        }
      ]
    },
    {
      "id": "4",
      "category": "bread",
      "tag": [
        "fresh",
        "meat"
      ],
      "shortDescription": "Your first step to sustainable living is going zero waste and what better way to start then starting at home",
      "fullDescription": "Last but not least, we couldn’t write a post on blogs to follow on sustainable living without mentioning our very own blog, The Organic society. Our mission is to inspire families to eat well, do good and live better. Our blog covers all things organic, from food to farming, health and wellness to fashion and beauty.",
      "name": "Grouped Product",
      "rate": 5,
      "price": 17,
      "discount": 2,
      "quantity": 23,
      "coverImage": "/assets/images/products/4.png",
      "images": [
        "/assets/images/products/4.png",
        "/assets/images/products/5.png",
        "/assets/images/products/6.png"
      ],
      "specifications": {
        "weight": "1kg",
        "dimensions": {
          "long": 30,
          "width": 20,
          "height": 10
        },
        "color": "yellow",
        "size": "m"
      },
      "slug": "grouped-product-4",
      "reviews": [
        {
          "id": "c3",
          "commentDate": "2020-09-06",
          "user": {
            "name": "Max Shawrad",
            "avatar": "https://hoc24.vn/images/avt/avt260962_256by256.jpg"
          },
          "review": "Neque porro qui squam est, qui dolorem ipsum quia dolor sit amet, consectetur, adipisci velit, sed quia non numquam eius modi tempora."
        },
        {
          "id": "c1",
          "commentDate": "2020-09-06",
          "user": {
            "name": "Sharah Anna",
            "avatar": "https://hoc24.vn/images/avt/avt260962_256by256.jpg"
          },
          "review": "Neque porro qui squam est, qui dolorem ipsum quia dolor sit amet, consectetur, adipisci velit, sed quia non numquam eius modi tempora.",
          "reply": [
            {
              "id": "c2",
              "commentDate": "2020-09-06",
              "user": {
                "name": "Charlotte Jessica",
                "avatar": "https://hoc24.vn/images/avt/avt260962_256by256.jpg"
              },
              "review": "Neque porro qui squam est, qui dolorem ipsum quia dolor sit amet, consectetur, adipisci velit, sed quia non numquam eius modi tempora."
            }
          ]
        },
        {
          "id": "c2",
          "commentDate": "2020-09-06",
          "user": {
            "name": "Mary Lili",
            "avatar": "https://hoc24.vn/images/avt/avt260962_256by256.jpg"
          },
          "review": "Neque porro qui squam est, qui dolorem ipsum quia dolor sit amet, consectetur, adipisci velit, sed quia non numquam eius modi tempora."
        }
      ]
    },
    {
      "id": "5",
      "category": "fast-food",
      "tag": [
        "fresh",
        "meat"
      ],
      "shortDescription": "Your first step to sustainable living is going zero waste and what better way to start then starting at home",
      "fullDescription": "Last but not least, we couldn’t write a post on blogs to follow on sustainable living without mentioning our very own blog, The Organic society. Our mission is to inspire families to eat well, do good and live better. Our blog covers all things organic, from food to farming, health and wellness to fashion and beauty.",
      "name": "India Strawberry",
      "rate": 5,
      "price": 17,
      "quantity": 23,
      "coverImage": "/assets/images/products/5.png",
      "images": [
        "/assets/images/products/5.png",
        "/assets/images/products/6.png",
        "/assets/images/products/7.png"
      ],
      "specifications": {
        "weight": "1kg",
        "dimensions": {
          "long": 30,
          "width": 20,
          "height": 10
        },
        "color": "blue",
        "size": "m"
      },
      "slug": "india-strawberry-5",
      "reviews": [
        {
          "id": "c3",
          "commentDate": "2020-09-06",
          "user": {
            "name": "Max Shawrad",
            "avatar": "https://hoc24.vn/images/avt/avt260962_256by256.jpg"
          },
          "review": "Neque porro qui squam est, qui dolorem ipsum quia dolor sit amet, consectetur, adipisci velit, sed quia non numquam eius modi tempora."
        },
        {
          "id": "c1",
          "commentDate": "2020-09-06",
          "user": {
            "name": "Sharah Anna",
            "avatar": "https://hoc24.vn/images/avt/avt260962_256by256.jpg"
          },
          "review": "Neque porro qui squam est, qui dolorem ipsum quia dolor sit amet, consectetur, adipisci velit, sed quia non numquam eius modi tempora.",
          "reply": [
            {
              "id": "c2",
              "commentDate": "2020-09-06",
              "user": {
                "name": "Charlotte Jessica",
                "avatar": "https://hoc24.vn/images/avt/avt260962_256by256.jpg"
              },
              "review": "Neque porro qui squam est, qui dolorem ipsum quia dolor sit amet, consectetur, adipisci velit, sed quia non numquam eius modi tempora."
            }
          ]
        },
        {
          "id": "c2",
          "commentDate": "2020-09-06",
          "user": {
            "name": "Mary Lili",
            "avatar": "https://hoc24.vn/images/avt/avt260962_256by256.jpg"
          },
          "review": "Neque porro qui squam est, qui dolorem ipsum quia dolor sit amet, consectetur, adipisci velit, sed quia non numquam eius modi tempora."
        }
      ]
    },
    {
      "id": "6",
      "category": "fast-food",
      "tag": [
        "fresh",
        "meat"
      ],
      "shortDescription": "Your first step to sustainable living is going zero waste and what better way to start then starting at home",
      "fullDescription": "Last but not least, we couldn’t write a post on blogs to follow on sustainable living without mentioning our very own blog, The Organic society. Our mission is to inspire families to eat well, do good and live better. Our blog covers all things organic, from food to farming, health and wellness to fashion and beauty.",
      "name": "American Grape",
      "rate": 5,
      "price": 15,
      "quantity": 3,
      "coverImage": "/assets/images/products/6.png",
      "images": [
        "/assets/images/products/7.png",
        "/assets/images/products/8.png",
        "/assets/images/products/9.png"
      ],
      "specifications": {
        "weight": "1kg",
        "dimensions": {
          "long": 30,
          "width": 20,
          "height": 10
        },
        "color": "gray",
        "size": "l"
      },
      "slug": "american-grape-6",
      "reviews": [
        {
          "id": "c3",
          "commentDate": "2020-09-06",
          "user": {
            "name": "Max Shawrad",
            "avatar": "https://hoc24.vn/images/avt/avt260962_256by256.jpg"
          },
          "review": "Neque porro qui squam est, qui dolorem ipsum quia dolor sit amet, consectetur, adipisci velit, sed quia non numquam eius modi tempora."
        },
        {
          "id": "c1",
          "commentDate": "2020-09-06",
          "user": {
            "name": "Sharah Anna",
            "avatar": "https://hoc24.vn/images/avt/avt260962_256by256.jpg"
          },
          "review": "Neque porro qui squam est, qui dolorem ipsum quia dolor sit amet, consectetur, adipisci velit, sed quia non numquam eius modi tempora.",
          "reply": [
            {
              "id": "c2",
              "commentDate": "2020-09-06",
              "user": {
                "name": "Charlotte Jessica",
                "avatar": "https://hoc24.vn/images/avt/avt260962_256by256.jpg"
              },
              "review": "Neque porro qui squam est, qui dolorem ipsum quia dolor sit amet, consectetur, adipisci velit, sed quia non numquam eius modi tempora."
            }
          ]
        },
        {
          "id": "c2",
          "commentDate": "2020-09-06",
          "user": {
            "name": "Mary Lili",
            "avatar": "https://hoc24.vn/images/avt/avt260962_256by256.jpg"
          },
          "review": "Neque porro qui squam est, qui dolorem ipsum quia dolor sit amet, consectetur, adipisci velit, sed quia non numquam eius modi tempora."
        }
      ]
    },
    {
      "id": "7",
      "category": "fast-food",
      "tag": [
        "fresh",
        "meat"
      ],
      "shortDescription": "Your first step to sustainable living is going zero waste and what better way to start then starting at home",
      "fullDescription": "Last but not least, we couldn’t write a post on blogs to follow on sustainable living without mentioning our very own blog, The Organic society. Our mission is to inspire families to eat well, do good and live better. Our blog covers all things organic, from food to farming, health and wellness to fashion and beauty.",
      "name": "Anpan Bread",
      "rate": 4,
      "price": 69,
      "quantity": 15,
      "coverImage": "/assets/images/products/7.png",
      "images": [
        "/assets/images/products/7.png",
        "/assets/images/products/8.png",
        "/assets/images/products/9.png"
      ],
      "specifications": {
        "weight": "1kg",
        "dimensions": {
          "long": 30,
          "width": 20,
          "height": 10
        },
        "color": "black",
        "size": "xl"
      },
      "slug": "anpan-bread-7",
      "reviews": [
        {
          "id": "c3",
          "commentDate": "2020-09-06",
          "user": {
            "name": "Max Shawrad",
            "avatar": "https://hoc24.vn/images/avt/avt260962_256by256.jpg"
          },
          "review": "Neque porro qui squam est, qui dolorem ipsum quia dolor sit amet, consectetur, adipisci velit, sed quia non numquam eius modi tempora."
        },
        {
          "id": "c1",
          "commentDate": "2020-09-06",
          "user": {
            "name": "Sharah Anna",
            "avatar": "https://hoc24.vn/images/avt/avt260962_256by256.jpg"
          },
          "review": "Neque porro qui squam est, qui dolorem ipsum quia dolor sit amet, consectetur, adipisci velit, sed quia non numquam eius modi tempora.",
          "reply": [
            {
              "id": "c2",
              "commentDate": "2020-09-06",
              "user": {
                "name": "Charlotte Jessica",
                "avatar": "https://hoc24.vn/images/avt/avt260962_256by256.jpg"
              },
              "review": "Neque porro qui squam est, qui dolorem ipsum quia dolor sit amet, consectetur, adipisci velit, sed quia non numquam eius modi tempora."
            }
          ]
        },
        {
          "id": "c2",
          "commentDate": "2020-09-06",
          "user": {
            "name": "Mary Lili",
            "avatar": "https://hoc24.vn/images/avt/avt260962_256by256.jpg"
          },
          "review": "Neque porro qui squam est, qui dolorem ipsum quia dolor sit amet, consectetur, adipisci velit, sed quia non numquam eius modi tempora."
        }
      ]
    },
    {
      "id": "8",
      "category": "fast-food",
      "tag": [
        "fresh",
        "meat"
      ],
      "shortDescription": "Your first step to sustainable living is going zero waste and what better way to start then starting at home",
      "fullDescription": "Last but not least, we couldn’t write a post on blogs to follow on sustainable living without mentioning our very own blog, The Organic society. Our mission is to inspire families to eat well, do good and live better. Our blog covers all things organic, from food to farming, health and wellness to fashion and beauty.",
      "name": "Fortune Cookies",
      "rate": 3,
      "price": 26,
      "quantity": 15,
      "coverImage": "/assets/images/products/8.png",
      "images": [
        "/assets/images/products/8.png",
        "/assets/images/products/9.png",
        "/assets/images/products/10.png"
      ],
      "specifications": {
        "weight": "1kg",
        "dimensions": {
          "long": 30,
          "width": 20,
          "height": 10
        },
        "color": "gray",
        "size": "s"
      },
      "slug": "fortune-cookies-8",
      "reviews": [
        {
          "id": "c3",
          "commentDate": "2020-09-06",
          "user": {
            "name": "Max Shawrad",
            "avatar": "https://hoc24.vn/images/avt/avt260962_256by256.jpg"
          },
          "review": "Neque porro qui squam est, qui dolorem ipsum quia dolor sit amet, consectetur, adipisci velit, sed quia non numquam eius modi tempora."
        },
        {
          "id": "c1",
          "commentDate": "2020-09-06",
          "user": {
            "name": "Sharah Anna",
            "avatar": "https://hoc24.vn/images/avt/avt260962_256by256.jpg"
          },
          "review": "Neque porro qui squam est, qui dolorem ipsum quia dolor sit amet, consectetur, adipisci velit, sed quia non numquam eius modi tempora.",
          "reply": [
            {
              "id": "c2",
              "commentDate": "2020-09-06",
              "user": {
                "name": "Charlotte Jessica",
                "avatar": "https://hoc24.vn/images/avt/avt260962_256by256.jpg"
              },
              "review": "Neque porro qui squam est, qui dolorem ipsum quia dolor sit amet, consectetur, adipisci velit, sed quia non numquam eius modi tempora."
            }
          ]
        },
        {
          "id": "c2",
          "commentDate": "2020-09-06",
          "user": {
            "name": "Mary Lili",
            "avatar": "https://hoc24.vn/images/avt/avt260962_256by256.jpg"
          },
          "review": "Neque porro qui squam est, qui dolorem ipsum quia dolor sit amet, consectetur, adipisci velit, sed quia non numquam eius modi tempora."
        }
      ]
    },
    {
      "id": "9",
      "category": "fresh-meat",
      "tag": [
        "fresh",
        "meat"
      ],
      "shortDescription": "Your first step to sustainable living is going zero waste and what better way to start then starting at home",
      "fullDescription": "Last but not least, we couldn’t write a post on blogs to follow on sustainable living without mentioning our very own blog, The Organic society. Our mission is to inspire families to eat well, do good and live better. Our blog covers all things organic, from food to farming, health and wellness to fashion and beauty.",
      "name": "Green Cauliflower",
      "rate": 4,
      "price": 26,
      "quantity": 15,
      "coverImage": "/assets/images/products/9.png",
      "images": [
        "/assets/images/products/9.png",
        "/assets/images/products/10.png",
        "/assets/images/products/11.png"
      ],
      "specifications": {
        "weight": "1kg",
        "dimensions": {
          "long": 30,
          "width": 20,
          "height": 10
        },
        "color": "blue",
        "size": "l"
      },
      "slug": "green-cauliflower-9",
      "reviews": [
        {
          "id": "c3",
          "commentDate": "2020-09-06",
          "user": {
            "name": "Max Shawrad",
            "avatar": "https://hoc24.vn/images/avt/avt260962_256by256.jpg"
          },
          "review": "Neque porro qui squam est, qui dolorem ipsum quia dolor sit amet, consectetur, adipisci velit, sed quia non numquam eius modi tempora."
        },
        {
          "id": "c1",
          "commentDate": "2020-09-06",
          "user": {
            "name": "Sharah Anna",
            "avatar": "https://hoc24.vn/images/avt/avt260962_256by256.jpg"
          },
          "review": "Neque porro qui squam est, qui dolorem ipsum quia dolor sit amet, consectetur, adipisci velit, sed quia non numquam eius modi tempora.",
          "reply": [
            {
              "id": "c2",
              "commentDate": "2020-09-06",
              "user": {
                "name": "Charlotte Jessica",
                "avatar": "https://hoc24.vn/images/avt/avt260962_256by256.jpg"
              },
              "review": "Neque porro qui squam est, qui dolorem ipsum quia dolor sit amet, consectetur, adipisci velit, sed quia non numquam eius modi tempora."
            }
          ]
        },
        {
          "id": "c2",
          "commentDate": "2020-09-06",
          "user": {
            "name": "Mary Lili",
            "avatar": "https://hoc24.vn/images/avt/avt260962_256by256.jpg"
          },
          "review": "Neque porro qui squam est, qui dolorem ipsum quia dolor sit amet, consectetur, adipisci velit, sed quia non numquam eius modi tempora."
        }
      ]
    },
    {
      "id": "10",
      "category": "fresh-meat",
      "tag": [
        "fresh",
        "meat"
      ],
      "shortDescription": "Your first step to sustainable living is going zero waste and what better way to start then starting at home",
      "fullDescription": "Last but not least, we couldn’t write a post on blogs to follow on sustainable living without mentioning our very own blog, The Organic society. Our mission is to inspire families to eat well, do good and live better. Our blog covers all things organic, from food to farming, health and wellness to fashion and beauty.",
      "name": "Green Aus",
      "rate": 4,
      "price": 19,
      "quantity": 15,
      "coverImage": "/assets/images/products/10.png",
      "images": [
        "/assets/images/products/10.png",
        "/assets/images/products/11.png",
        "/assets/images/products/12.png"
      ],
      "specifications": {
        "weight": "1kg",
        "dimensions": {
          "long": 30,
          "width": 20,
          "height": 10
        },
        "color": "green",
        "size": "m"
      },
      "slug": "green-aus-10",
      "reviews": [
        {
          "id": "c3",
          "commentDate": "2020-09-06",
          "user": {
            "name": "Max Shawrad",
            "avatar": "https://hoc24.vn/images/avt/avt260962_256by256.jpg"
          },
          "review": "Neque porro qui squam est, qui dolorem ipsum quia dolor sit amet, consectetur, adipisci velit, sed quia non numquam eius modi tempora."
        },
        {
          "id": "c1",
          "commentDate": "2020-09-06",
          "user": {
            "name": "Sharah Anna",
            "avatar": "https://hoc24.vn/images/avt/avt260962_256by256.jpg"
          },
          "review": "Neque porro qui squam est, qui dolorem ipsum quia dolor sit amet, consectetur, adipisci velit, sed quia non numquam eius modi tempora.",
          "reply": [
            {
              "id": "c2",
              "commentDate": "2020-09-06",
              "user": {
                "name": "Charlotte Jessica",
                "avatar": "https://hoc24.vn/images/avt/avt260962_256by256.jpg"
              },
              "review": "Neque porro qui squam est, qui dolorem ipsum quia dolor sit amet, consectetur, adipisci velit, sed quia non numquam eius modi tempora."
            }
          ]
        },
        {
          "id": "c2",
          "commentDate": "2020-09-06",
          "user": {
            "name": "Mary Lili",
            "avatar": "https://hoc24.vn/images/avt/avt260962_256by256.jpg"
          },
          "review": "Neque porro qui squam est, qui dolorem ipsum quia dolor sit amet, consectetur, adipisci velit, sed quia non numquam eius modi tempora."
        }
      ]
    },
    {
      "id": "11",
      "category": "fresh-meat",
      "tag": [
        "fresh",
        "meat"
      ],
      "shortDescription": "Your first step to sustainable living is going zero waste and what better way to start then starting at home",
      "fullDescription": "Last but not least, we couldn’t write a post on blogs to follow on sustainable living without mentioning our very own blog, The Organic society. Our mission is to inspire families to eat well, do good and live better. Our blog covers all things organic, from food to farming, health and wellness to fashion and beauty.",
      "name": "Kossar’s Bakery",
      "rate": 4,
      "price": 45,
      "discount": 5,
      "quantity": 10,
      "coverImage": "/assets/images/products/11.png",
      "images": [
        "/assets/images/products/11.png",
        "/assets/images/products/12.png",
        "/assets/images/products/13.png"
      ],
      "specifications": {
        "weight": "1kg",
        "dimensions": {
          "long": 30,
          "width": 20,
          "height": 10
        },
        "color": "red",
        "size": "l"
      },
      "slug": "kossars-bakery-11",
      "reviews": [
        {
          "id": "c3",
          "commentDate": "2020-09-06",
          "user": {
            "name": "Max Shawrad",
            "avatar": "https://hoc24.vn/images/avt/avt260962_256by256.jpg"
          },
          "review": "Neque porro qui squam est, qui dolorem ipsum quia dolor sit amet, consectetur, adipisci velit, sed quia non numquam eius modi tempora."
        },
        {
          "id": "c1",
          "commentDate": "2020-09-06",
          "user": {
            "name": "Sharah Anna",
            "avatar": "https://hoc24.vn/images/avt/avt260962_256by256.jpg"
          },
          "review": "Neque porro qui squam est, qui dolorem ipsum quia dolor sit amet, consectetur, adipisci velit, sed quia non numquam eius modi tempora.",
          "reply": [
            {
              "id": "c2",
              "commentDate": "2020-09-06",
              "user": {
                "name": "Charlotte Jessica",
                "avatar": "https://hoc24.vn/images/avt/avt260962_256by256.jpg"
              },
              "review": "Neque porro qui squam est, qui dolorem ipsum quia dolor sit amet, consectetur, adipisci velit, sed quia non numquam eius modi tempora."
            }
          ]
        },
        {
          "id": "c2",
          "commentDate": "2020-09-06",
          "user": {
            "name": "Mary Lili",
            "avatar": "https://hoc24.vn/images/avt/avt260962_256by256.jpg"
          },
          "review": "Neque porro qui squam est, qui dolorem ipsum quia dolor sit amet, consectetur, adipisci velit, sed quia non numquam eius modi tempora."
        }
      ]
    },
    {
      "id": "12",
      "category": "fresh-meat",
      "tag": [
        "fresh",
        "meat"
      ],
      "shortDescription": "Your first step to sustainable living is going zero waste and what better way to start then starting at home",
      "fullDescription": "Last but not least, we couldn’t write a post on blogs to follow on sustainable living without mentioning our very own blog, The Organic society. Our mission is to inspire families to eat well, do good and live better. Our blog covers all things organic, from food to farming, health and wellness to fashion and beauty.",
      "name": "Zutter Chocolate",
      "rate": 4,
      "price": 33,
      "quantity": 4,
      "coverImage": "/assets/images/products/12.png",
      "images": [
        "/assets/images/products/12.png",
        "/assets/images/products/13.png",
        "/assets/images/products/14.png"
      ],
      "specifications": {
        "weight": "1kg",
        "dimensions": {
          "long": 30,
          "width": 20,
          "height": 10
        },
        "color": "yellow",
        "size": "s"
      },
      "slug": "zutter-chocolate-12",
      "reviews": [
        {
          "id": "c3",
          "commentDate": "2020-09-06",
          "user": {
            "name": "Max Shawrad",
            "avatar": "https://hoc24.vn/images/avt/avt260962_256by256.jpg"
          },
          "review": "Neque porro qui squam est, qui dolorem ipsum quia dolor sit amet, consectetur, adipisci velit, sed quia non numquam eius modi tempora."
        },
        {
          "id": "c1",
          "commentDate": "2020-09-06",
          "user": {
            "name": "Sharah Anna",
            "avatar": "https://hoc24.vn/images/avt/avt260962_256by256.jpg"
          },
          "review": "Neque porro qui squam est, qui dolorem ipsum quia dolor sit amet, consectetur, adipisci velit, sed quia non numquam eius modi tempora.",
          "reply": [
            {
              "id": "c2",
              "commentDate": "2020-09-06",
              "user": {
                "name": "Charlotte Jessica",
                "avatar": "https://hoc24.vn/images/avt/avt260962_256by256.jpg"
              },
              "review": "Neque porro qui squam est, qui dolorem ipsum quia dolor sit amet, consectetur, adipisci velit, sed quia non numquam eius modi tempora."
            }
          ]
        },
        {
          "id": "c2",
          "commentDate": "2020-09-06",
          "user": {
            "name": "Mary Lili",
            "avatar": "https://hoc24.vn/images/avt/avt260962_256by256.jpg"
          },
          "review": "Neque porro qui squam est, qui dolorem ipsum quia dolor sit amet, consectetur, adipisci velit, sed quia non numquam eius modi tempora."
        }
      ]
    }
  ],
  "blog": [
    {
      "id": "u1",
      "category": "healthy",
      "tag": [
        "fresh food",
        "natural",
        "organic farm"
      ],
      "title": "Potatoes 101: All You Need to Know About Common Spuds",
      "slug": "potatoes-101-all-you-need-to-know-about-common-spuds",
      "shortDescription": "Russets, fingerlings, Yukon Golds, and more: learn how to identify different potato varieties and find out what dishes they're best suited for.",
      "publicDate": "2020-09-09",
      "coverImage": "https://images.unsplash.com/photo-1482049016688-2d3e1b311543?ixlib=rb-1.2.1&ixid=eyJhcHBfaWQiOjEyMDd9&auto=format&fit=crop&w=653&q=80",
      "author": {
        "name": "Mari Uyehara",
        "avatar": "https://hoc24.vn/images/avt/avt260962_256by256.jpg"
      },
      "comments": [
        {
          "id": "c3",
          "commentDate": "2020-09-06",
          "user": {
            "name": "Max Shawrad",
            "avatar": "https://hoc24.vn/images/avt/avt260962_256by256.jpg"
          },
          "comment": "Neque porro qui squam est, qui dolorem ipsum quia dolor sit amet, consectetur, adipisci velit, sed quia non numquam eius modi tempora."
        },
        {
          "id": "c1",
          "commentDate": "2020-09-06",
          "user": {
            "name": "Sharah Anna",
            "avatar": "https://hoc24.vn/images/avt/avt260962_256by256.jpg"
          },
          "comment": "Neque porro qui squam est, qui dolorem ipsum quia dolor sit amet, consectetur, adipisci velit, sed quia non numquam eius modi tempora.",
          "reply": [
            {
              "id": "c2",
              "commentDate": "2020-09-06",
              "user": {
                "name": "Charlotte Jessica",
                "avatar": "https://hoc24.vn/images/avt/avt260962_256by256.jpg"
              },
              "comment": "Neque porro qui squam est, qui dolorem ipsum quia dolor sit amet, consectetur, adipisci velit, sed quia non numquam eius modi tempora."
            }
          ]
        },
        {
          "id": "c2",
          "commentDate": "2020-09-06",
          "user": {
            "name": "Mary Lili",
            "avatar": "https://hoc24.vn/images/avt/avt260962_256by256.jpg"
          },
          "comment": "Neque porro qui squam est, qui dolorem ipsum quia dolor sit amet, consectetur, adipisci velit, sed quia non numquam eius modi tempora."
        }
      ]
    },
    {
      "id": "u2",
      "category": "healthy",
      "tag": [
        "fresh food",
        "natural",
        "organic farm"
      ],
      "title": "Serious Eats' Halal Cart-Style Chicken and Rice With White Sauce ",
      "slug": "serious-eats-halal-cart-style-chicken-and-rice-with-white-sauce-u2",
      "shortDescription": "This utterly faithful recipe perfectly recreates a New York City halal-cart classic: Chicken and Rice with White Sauce . The chicken is marinated with herbs, lemon, and spices; the rice golden; the sauce, as white and creamy as ever.",
      "publicDate": "2020-09-10 ",
      "coverImage": "https://www.seriouseats.com/2011/12/320200406-halal-chicken-rice-vicky-wasik.jpg",
      "author": {
        "name": "Mari Uyehara",
        "avatar": "https://hoc24.vn/images/avt/avt260962_256by256.jpg"
      },
      "comments": [
        {
          "id": "c3",
          "commentDate": "2020-09-06",
          "user": {
            "name": "Max Shawrad",
            "avatar": "https://hoc24.vn/images/avt/avt260962_256by256.jpg"
          },
          "comment": "Neque porro qui squam est, qui dolorem ipsum quia dolor sit amet, consectetur, adipisci velit, sed quia non numquam eius modi tempora."
        },
        {
          "id": "c1",
          "commentDate": "2020-09-06",
          "user": {
            "name": "Sharah Anna",
            "avatar": "https://hoc24.vn/images/avt/avt260962_256by256.jpg"
          },
          "comment": "Neque porro qui squam est, qui dolorem ipsum quia dolor sit amet, consectetur, adipisci velit, sed quia non numquam eius modi tempora.",
          "reply": [
            {
              "id": "c2",
              "commentDate": "2020-09-06",
              "user": {
                "name": "Charlotte Jessica",
                "avatar": "https://hoc24.vn/images/avt/avt260962_256by256.jpg"
              },
              "comment": "Neque porro qui squam est, qui dolorem ipsum quia dolor sit amet, consectetur, adipisci velit, sed quia non numquam eius modi tempora."
            }
          ]
        },
        {
          "id": "c2",
          "commentDate": "2020-09-06",
          "user": {
            "name": "Mary Lili",
            "avatar": "https://hoc24.vn/images/avt/avt260962_256by256.jpg"
          },
          "comment": "Neque porro qui squam est, qui dolorem ipsum quia dolor sit amet, consectetur, adipisci velit, sed quia non numquam eius modi tempora."
        }
      ]
    },
    {
      "id": "u3",
      "category": "healthy",
      "tag": [
        "fresh food",
        "natural",
        "organic farm"
      ],
      "title": "Easy Pressure Cooker Green Chili With Chicken Recipe",
      "slug": "easy-pressure-cooker-green-chili-with-chicken-recipe-u3",
      "shortDescription": "Green chili chicken is a fast and easy weeknight meal, loaded with peppers, onions, and chunks of tender chicken.",
      "publicDate": "2020-09-27",
      "coverImage": "https://www.seriouseats.com/2011/12/320200406-halal-chicken-rice-vicky-wasik.jpg",
      "author": {
        "name": "j. kenji lópez-alt",
        "avatar": "https://hoc24.vn/images/avt/avt260962_256by256.jpg"
      },
      "comments": [
        {
          "id": "c3",
          "commentDate": "2020-09-06",
          "user": {
            "name": "Max Shawrad",
            "avatar": "https://hoc24.vn/images/avt/avt260962_256by256.jpg"
          },
          "comment": "Neque porro qui squam est, qui dolorem ipsum quia dolor sit amet, consectetur, adipisci velit, sed quia non numquam eius modi tempora."
        },
        {
          "id": "c1",
          "commentDate": "2020-09-06",
          "user": {
            "name": "Sharah Anna",
            "avatar": "https://hoc24.vn/images/avt/avt260962_256by256.jpg"
          },
          "comment": "Neque porro qui squam est, qui dolorem ipsum quia dolor sit amet, consectetur, adipisci velit, sed quia non numquam eius modi tempora.",
          "reply": [
            {
              "id": "c2",
              "commentDate": "2020-09-06",
              "user": {
                "name": "Charlotte Jessica",
                "avatar": "https://hoc24.vn/images/avt/avt260962_256by256.jpg"
              },
              "comment": "Neque porro qui squam est, qui dolorem ipsum quia dolor sit amet, consectetur, adipisci velit, sed quia non numquam eius modi tempora."
            }
          ]
        },
        {
          "id": "c2",
          "commentDate": "2020-09-06",
          "user": {
            "name": "Mary Lili",
            "avatar": "https://hoc24.vn/images/avt/avt260962_256by256.jpg"
          },
          "comment": "Neque porro qui squam est, qui dolorem ipsum quia dolor sit amet, consectetur, adipisci velit, sed quia non numquam eius modi tempora."
        }
      ]
    },
    {
      "id": "u4",
      "category": "nutrition-meal",
      "tag": [
        "meal",
        "natural",
        "organic farm"
      ],
      "title": "Foolproof Pan Pizza Recipe",
      "slug": "foolproof-pan-pizza-recipe-u4",
      "shortDescription": "A pan pizza recipe for those who love a thick and crispy crust that's golden on the botton, but puffy and soft under the layers of sauce and mozzarella.",
      "publicDate": "2020-09-27",
      "coverImage": "https://images.unsplash.com/photo-1470119693884-47d3a1d1f180?ixlib=rb-1.2.1&ixid=eyJhcHBfaWQiOjEyMDd9&auto=format&fit=crop&w=694&q=80",
      "author": {
        "name": "j. kenji lópez-alt",
        "avatar": "https://hoc24.vn/images/avt/avt260962_256by256.jpg"
      },
      "comments": [
        {
          "id": "c3",
          "commentDate": "2020-09-06",
          "user": {
            "name": "Max Shawrad",
            "avatar": "https://hoc24.vn/images/avt/avt260962_256by256.jpg"
          },
          "comment": "Neque porro qui squam est, qui dolorem ipsum quia dolor sit amet, consectetur, adipisci velit, sed quia non numquam eius modi tempora."
        },
        {
          "id": "c1",
          "commentDate": "2020-09-06",
          "user": {
            "name": "Sharah Anna",
            "avatar": "https://hoc24.vn/images/avt/avt260962_256by256.jpg"
          },
          "comment": "Neque porro qui squam est, qui dolorem ipsum quia dolor sit amet, consectetur, adipisci velit, sed quia non numquam eius modi tempora.",
          "reply": [
            {
              "id": "c2",
              "commentDate": "2020-09-06",
              "user": {
                "name": "Charlotte Jessica",
                "avatar": "https://hoc24.vn/images/avt/avt260962_256by256.jpg"
              },
              "comment": "Neque porro qui squam est, qui dolorem ipsum quia dolor sit amet, consectetur, adipisci velit, sed quia non numquam eius modi tempora."
            }
          ]
        },
        {
          "id": "c2",
          "commentDate": "2020-09-06",
          "user": {
            "name": "Mary Lili",
            "avatar": "https://hoc24.vn/images/avt/avt260962_256by256.jpg"
          },
          "comment": "Neque porro qui squam est, qui dolorem ipsum quia dolor sit amet, consectetur, adipisci velit, sed quia non numquam eius modi tempora."
        }
      ]
    },
    {
      "id": "u5",
      "category": "nutrition-meal",
      "tag": [
        "meal",
        "natural",
        "organic farm"
      ],
      "title": "Nem Chua (Vietnamese Cured Pork With Garlic and Chiles) Recipe",
      "slug": "nem-chua-vietnamese-cured-pork-with-garlic-and-chiles-recipe-u5",
      "shortDescription": "This Vietnamese version of a popular Southeast Asian cured-pork preparation is tangy, salty, and loaded with the funky, spicy, and fragrant flavors of raw garlic, bird's eye chiles, and both black and white peppercorns.",
      "publicDate": "2020-09-27",
      "coverImage": "https://www.seriouseats.com/2020/09/20200903-nem-chua-jenny-dorsey-10.jpg",
      "author": {
        "name": "Jenny Dorsey",
        "avatar": "https://hoc24.vn/images/avt/avt260962_256by256.jpg"
      },
      "comments": [
        {
          "id": "c3",
          "commentDate": "2020-09-06",
          "user": {
            "name": "Max Shawrad",
            "avatar": "https://hoc24.vn/images/avt/avt260962_256by256.jpg"
          },
          "comment": "Neque porro qui squam est, qui dolorem ipsum quia dolor sit amet, consectetur, adipisci velit, sed quia non numquam eius modi tempora."
        },
        {
          "id": "c1",
          "commentDate": "2020-09-06",
          "user": {
            "name": "Sharah Anna",
            "avatar": "https://hoc24.vn/images/avt/avt260962_256by256.jpg"
          },
          "comment": "Neque porro qui squam est, qui dolorem ipsum quia dolor sit amet, consectetur, adipisci velit, sed quia non numquam eius modi tempora.",
          "reply": [
            {
              "id": "c2",
              "commentDate": "2020-09-06",
              "user": {
                "name": "Charlotte Jessica",
                "avatar": "https://hoc24.vn/images/avt/avt260962_256by256.jpg"
              },
              "comment": "Neque porro qui squam est, qui dolorem ipsum quia dolor sit amet, consectetur, adipisci velit, sed quia non numquam eius modi tempora."
            }
          ]
        },
        {
          "id": "c2",
          "commentDate": "2020-09-06",
          "user": {
            "name": "Mary Lili",
            "avatar": "https://hoc24.vn/images/avt/avt260962_256by256.jpg"
          },
          "comment": "Neque porro qui squam est, qui dolorem ipsum quia dolor sit amet, consectetur, adipisci velit, sed quia non numquam eius modi tempora."
        }
      ]
    },
    {
      "id": "u6",
      "category": "organic-planting",
      "tag": [
        "meal",
        "natural",
        "organic farm"
      ],
      "title": "Obe Ata (Nigerian Red Pepper Sauce) Recipe",
      "slug": "obe-ata-nigerian-red-pepper-sauce-recipe-u6",
      "shortDescription": "This versatile recipe for Nigerian obe ata delivers a rich and flavorful red pepper-and-tomato-based sauce that can be used in stews and braises, or cooked down into a condiment for dipping.",
      "publicDate": "2020-09-27",
      "coverImage": "https://images.unsplash.com/photo-1579279060794-0b958f8763b5?ixlib=rb-1.2.1&auto=format&fit=crop&w=676&q=80",
      "author": {
        "name": "Jenny Dorsey",
        "avatar": "https://hoc24.vn/images/avt/avt260962_256by256.jpg"
      },
      "comments": [
        {
          "id": "c3",
          "commentDate": "2020-09-06",
          "user": {
            "name": "Max Shawrad",
            "avatar": "https://hoc24.vn/images/avt/avt260962_256by256.jpg"
          },
          "comment": "Neque porro qui squam est, qui dolorem ipsum quia dolor sit amet, consectetur, adipisci velit, sed quia non numquam eius modi tempora."
        },
        {
          "id": "c1",
          "commentDate": "2020-09-06",
          "user": {
            "name": "Sharah Anna",
            "avatar": "https://hoc24.vn/images/avt/avt260962_256by256.jpg"
          },
          "comment": "Neque porro qui squam est, qui dolorem ipsum quia dolor sit amet, consectetur, adipisci velit, sed quia non numquam eius modi tempora.",
          "reply": [
            {
              "id": "c2",
              "commentDate": "2020-09-06",
              "user": {
                "name": "Charlotte Jessica",
                "avatar": "https://hoc24.vn/images/avt/avt260962_256by256.jpg"
              },
              "comment": "Neque porro qui squam est, qui dolorem ipsum quia dolor sit amet, consectetur, adipisci velit, sed quia non numquam eius modi tempora."
            }
          ]
        },
        {
          "id": "c2",
          "commentDate": "2020-09-06",
          "user": {
            "name": "Mary Lili",
            "avatar": "https://hoc24.vn/images/avt/avt260962_256by256.jpg"
          },
          "comment": "Neque porro qui squam est, qui dolorem ipsum quia dolor sit amet, consectetur, adipisci velit, sed quia non numquam eius modi tempora."
        }
      ]
    },
    {
      "id": "u7",
      "category": "recipes",
      "tag": [
        "meal",
        "natural",
        "organic farm"
      ],
      "title": "Ultra-Crispy Slow-Roasted Pork Shoulder Recipe",
      "slug": "ultra-crispy-slow-roasted-pork-shoulder-recipe-u7",
      "shortDescription": "Pull-apart tender meat and ultra-crisp skin: slow-roasted pork should may not be the most gorgeous looking, but the flavor more than makes up for it.",
      "publicDate": "2020-09-25",
      "coverImage": "https://www.seriouseats.com/recipes/images/2015/12/20111204-pork-shoulder%20-%2007.jpg",
      "author": {
        "name": "J. Kenji López-alt",
        "avatar": "https://hoc24.vn/images/avt/avt260962_256by256.jpg"
      },
      "comments": [
        {
          "id": "c3",
          "commentDate": "2020-09-06",
          "user": {
            "name": "Max Shawrad",
            "avatar": "https://hoc24.vn/images/avt/avt260962_256by256.jpg"
          },
          "comment": "Neque porro qui squam est, qui dolorem ipsum quia dolor sit amet, consectetur, adipisci velit, sed quia non numquam eius modi tempora."
        },
        {
          "id": "c1",
          "commentDate": "2020-09-06",
          "user": {
            "name": "Sharah Anna",
            "avatar": "https://hoc24.vn/images/avt/avt260962_256by256.jpg"
          },
          "comment": "Neque porro qui squam est, qui dolorem ipsum quia dolor sit amet, consectetur, adipisci velit, sed quia non numquam eius modi tempora.",
          "reply": [
            {
              "id": "c2",
              "commentDate": "2020-09-06",
              "user": {
                "name": "Charlotte Jessica",
                "avatar": "https://hoc24.vn/images/avt/avt260962_256by256.jpg"
              },
              "comment": "Neque porro qui squam est, qui dolorem ipsum quia dolor sit amet, consectetur, adipisci velit, sed quia non numquam eius modi tempora."
            }
          ]
        },
        {
          "id": "c2",
          "commentDate": "2020-09-06",
          "user": {
            "name": "Mary Lili",
            "avatar": "https://hoc24.vn/images/avt/avt260962_256by256.jpg"
          },
          "comment": "Neque porro qui squam est, qui dolorem ipsum quia dolor sit amet, consectetur, adipisci velit, sed quia non numquam eius modi tempora."
        }
      ]
    },
    {
      "id": "u8",
      "category": "recipes",
      "tag": [
        "meal",
        "natural",
        "organic farm"
      ],
      "title": "Mexican Street Corn Salad (Esquites) Recipe",
      "slug": "mexican-street-corn-salad-esquites-recipe-u8",
      "shortDescription": "All the delights of Mexican street corn (elotes) in salad form, and you don't even have to fire up the grill to make it.",
      "publicDate": "2020-09-20",
      "coverImage": "https://www.seriouseats.com/2019/07/20190901-esquites-reshoot-vicky-wasik-1.jpg",
      "author": {
        "name": "J. Kenji López-alt",
        "avatar": "https://hoc24.vn/images/avt/avt260962_256by256.jpg"
      },
      "comments": [
        {
          "id": "c3",
          "commentDate": "2020-09-06",
          "user": {
            "name": "Max Shawrad",
            "avatar": "https://hoc24.vn/images/avt/avt260962_256by256.jpg"
          },
          "comment": "Neque porro qui squam est, qui dolorem ipsum quia dolor sit amet, consectetur, adipisci velit, sed quia non numquam eius modi tempora."
        },
        {
          "id": "c1",
          "commentDate": "2020-09-06",
          "user": {
            "name": "Sharah Anna",
            "avatar": "https://hoc24.vn/images/avt/avt260962_256by256.jpg"
          },
          "comment": "Neque porro qui squam est, qui dolorem ipsum quia dolor sit amet, consectetur, adipisci velit, sed quia non numquam eius modi tempora.",
          "reply": [
            {
              "id": "c2",
              "commentDate": "2020-09-06",
              "user": {
                "name": "Charlotte Jessica",
                "avatar": "https://hoc24.vn/images/avt/avt260962_256by256.jpg"
              },
              "comment": "Neque porro qui squam est, qui dolorem ipsum quia dolor sit amet, consectetur, adipisci velit, sed quia non numquam eius modi tempora."
            }
          ]
        },
        {
          "id": "c2",
          "commentDate": "2020-09-06",
          "user": {
            "name": "Mary Lili",
            "avatar": "https://hoc24.vn/images/avt/avt260962_256by256.jpg"
          },
          "comment": "Neque porro qui squam est, qui dolorem ipsum quia dolor sit amet, consectetur, adipisci velit, sed quia non numquam eius modi tempora."
        }
      ]
    }
  ],
  "users": {
    "email": "admin@gmail.com",
    "password": "avitex"
  },
  "cart": [],
  "wishlist": []
}